<profile version="1.0">
  <option name="myName" value="Project Default" />
  <inspection_tool class="PhpCSValidationInspection" enabled="true" level="WARNING" enabled_by_default="true">
    <option name="CODING_STANDARD" value="Custom" />
    <option name="CUSTOM_RULESET_PATH" value="D:/projekty/is.vspj.cz/ruleset.xml" />
    <option name="EXTENSIONS" value="php,js,css,inc" />
  </inspection_tool>
  <inspection_tool class="PhpDocMissingReturnTagInspection" enabled="false" level="WEAK WARNING" enabled_by_default="false" />
  <inspection_tool class="PhpDocMissingThrowsInspection" enabled="false" level="WEAK WARNING" enabled_by_default="false" />
  <inspection_tool class="PhpDocSignatureInspection" enabled="true" level="WEAK WARNING" enabled_by_default="true">
    <option name="ALLOW_MISSING_PARAMETERS" value="true" />
  </inspection_tool>
  <inspection_tool class="PhpUnhandledExceptionInspection" enabled="false" level="WARNING" enabled_by_default="false" />
  <inspection_tool class="SpellCheckingInspection" enabled="false" level="TYPO" enabled_by_default="false">
    <option name="processCode" value="true" />
    <option name="processLiterals" value="true" />
    <option name="processComments" value="true" />
  </inspection_tool>
  <inspection_tool class="SqlDialectInspection" enabled="false" level="WARNING" enabled_by_default="false" />
  <inspection_tool class="SqlNoDataSourceInspection" enabled="false" level="WARNING" enabled_by_default="false" />
  <inspection_tool class="SqlStorageInspection" enabled="false" level="WARNING" enabled_by_default="false" />
</profile>