<application>
  <component name="FileTypeManager" version="17">
    <extensionMap>
      <mapping pattern="SwitchUserListener" type="PHP" />
      <mapping pattern="UserRepository" type="PHP" />
      <mapping pattern="User" type="PHP" />
      <mapping pattern="DruhyVysledkuKody" type="PHP" />
      <mapping pattern="TvurciOriginaluTrait" type="PHP" />
      <mapping ext="mo" type="PLAIN_TEXT" />
      <mapping pattern="prevod-vysledku-tvurci-cinnosti" type="SQL" />
      <mapping pattern="prevod-vysledku-tvurci-cinnosti.sql" type="SQL" />
      <mapping pattern="socialni_stipendia_castky.sql" type="SQL" />
      <mapping pattern="layout-before-content" type="Twig" />
    </extensionMap>
  </component>
</application>