<application>
  <component name="ProjectManager">
    <defaultProject>
      <component name="ComposerSettings">
        <execution>
          <executable />
        </execution>
      </component>
      <component name="PhpCodeSniffer">
        <phpcs_settings>
          <PhpCSConfiguration standards="MySource;PEAR;PSR1;PSR12;PSR2;Squiz;Zend" tool_path="C:/dev/projekty/is.vspj.cz/vendor/bin/phpcs" />
        </phpcs_settings>
      </component>
      <component name="PropertiesComponent">
        <property name="nodejs_interpreter_path.stuck_in_default_project" value="undefined stuck path" />
        <property name="nodejs_npm_path_reset_for_default_project" value="true" />
        <property name="settings.editor.selected.configurable" value="project.scopes" />
      </component>
    </defaultProject>
  </component>
</application>