<application>
  <component name="WebServers">
    <option name="servers">
      <webServer id="2a456808-f6c4-4f42-b2e2-f60505bb224d" name="Stars24.cz" url="http://ftp.webcloud.cz">
        <fileTransfer host="ftp.webcloud.cz" port="21">
          <advancedOptions>
            <advancedOptions dataProtectionLevel="Private" passiveMode="true" />
          </advancedOptions>
          <option name="port" value="21" />
        </fileTransfer>
      </webServer>
      <webServer id="e877e82d-0d46-4646-8ed1-b0e4d67ad2be" name="Globe24.cz" url="http://ftp.globe24.cz">
        <fileTransfer host="ftp.globe24.cz" port="21" rootFolder="/web">
          <advancedOptions>
            <advancedOptions dataProtectionLevel="Private" passiveMode="true" />
          </advancedOptions>
          <option name="port" value="21" />
        </fileTransfer>
      </webServer>
      <webServer id="14465256-020c-483e-95e8-bbd1cf3db605" name="EuroZprávy.cz" url="http://ftp.webcloud.cz">
        <fileTransfer host="ftp.webcloud.cz" port="21">
          <advancedOptions>
            <advancedOptions dataProtectionLevel="Private" passiveMode="true" />
          </advancedOptions>
          <option name="port" value="21" />
        </fileTransfer>
      </webServer>
    </option>
  </component>
</application>