<toolSet name="External Tools">
  <tool name="phpcbf-single file" description="Fix PHP Codesniffer warnings using PHP Code Beautifier and Fixer" showInMainMenu="false" showInEditor="false" showInProject="false" showInSearchPopup="false" disabled="false" useConsole="true" showConsoleOnStdOut="false" showConsoleOnStdErr="false" synchronizeAfterRun="true">
    <exec>
      <option name="COMMAND" value="$ProjectFileDir$\vendor\bin\phpcbf.bat" />
      <option name="PARAMETERS" value="--standard=ruleset.xml $FileDir$/$FileName$" />
      <option name="WORKING_DIRECTORY" value="$ProjectFileDir$" />
    </exec>
  </tool>
  <tool name="phpcs-single file" showInMainMenu="false" showInEditor="false" showInProject="false" showInSearchPopup="false" disabled="false" useConsole="true" showConsoleOnStdOut="false" showConsoleOnStdErr="false" synchronizeAfterRun="true">
    <exec>
      <option name="COMMAND" value="$ProjectFileDir$\vendor\bin\phpcs.bat" />
      <option name="PARAMETERS" value="--standard=ruleset.xml $FileDir$/$FileName$" />
      <option name="WORKING_DIRECTORY" value="$ProjectFileDir$" />
    </exec>
  </tool>
</toolSet>